User Id,Region,Device,Channel,Revenue,costs
981449118918,Russia,iPhone,organic,4.99,6.24
278965908054,Russia,iPhone,organic,4.99,5.04
590706206550,Russia,Mac,organic,4.99,6.96
326433527971,Russia,Android,TipTop,4.99,9.36
349773784594,Russia,Mac,organic,4.99,11.04
90242400005,Russia,iPhone,RocketSuperAds,4.99,9.6
43958116050,Russia,Android,organic,4.99,8.879999999999999
185365244969,Russia,iPhone,organic,4.99,6.72
446013509831,Russia,iPhone,RocketSuperAds,4.99,6.72
100970711362,Russia,Mac,TipTop,5.99,8.64
589320347244,Russia,Mac,YRabbit,4.99,11.52
370455852550,Russia,iPhone,organic,4.99,9.6
141837741427,Russia,Mac,FaceBoom,4.99,8.879999999999999
924308873083,Russia,iPhone,organic,4.99,7.199999999999999
774938424092,Russia,iPhone,MediaTornado,4.99,7.199999999999999
244878945432,Russia,iPhone,MediaTornado,4.99,11.28
157877034671,Russia,Mac,organic,4.99,7.199999999999999
321335574694,Russia,iPhone,YRabbit,4.99,8.64
524629398969,Russia,Mac,organic,4.99,8.64
136226778935,Russia,PC,organic,4.99,8.4
684979425180,Russia,iPhone,TipTop,4.99,6.48
905776368309,Russia,iPhone,organic,4.99,8.16
482296270341,Russia,Mac,RocketSuperAds,4.99,6.72
15174034813,Russia,iPhone,FaceBoom,4.99,5.76
188246423999,Russia,Android,FaceBoom,4.99,7.92
776888182370,Russia,iPhone,organic,4.99,6.72
171015605853,Russia,iPhone,organic,4.99,7.199999999999999
23110169785,Russia,PC,organic,4.99,6.72
749745446993,Russia,Mac,organic,4.99,5.52
784885401335,Russia,iPhone,TipTop,4.99,3.84
716674228947,Russia,iPhone,organic,4.99,5.76
253136183810,Russia,iPhone,organic,4.99,4.32
283009755609,Russia,iPhone,organic,4.99,3.6
750734101231,Russia,Mac,organic,4.99,4.32
165309433157,Russia,Mac,organic,4.99,4.32
588499264097,Russia,Mac,organic,4.99,2.64
619068889591,Russia,Mac,organic,4.99,3.84
475326764919,Russia,PC,organic,4.99,5.52
762505039443,Russia,iPhone,MediaTornado,4.99,3.6
181066576860,Russia,Android,organic,4.99,3.36
474185364793,Russia,iPhone,organic,4.99,5.52
172680080954,Russia,Android,TipTop,4.99,2.64
957341100357,Russia,iPhone,organic,4.99,3.36
901643712689,Russia,Android,organic,5.99,4.08
222900190020,Russia,PC,organic,4.99,5.04
355761474010,Russia,Mac,TipTop,4.99,3.84
331972762210,Russia,iPhone,organic,4.99,5.279999999999999
907001920081,Russia,iPhone,FaceBoom,4.99,5.279999999999999
66320894054,Russia,Android,organic,4.99,3.12
19360341521,Russia,Mac,TipTop,4.99,3.12
152152093902,Russia,Mac,organic,4.99,3.6
293820189249,Russia,iPhone,TipTop,4.99,4.08
322106255921,Russia,Android,organic,4.99,5.76
221611265998,Russia,iPhone,YRabbit,4.99,7.199999999999999
861641893424,Russia,iPhone,organic,4.99,6.0
57218022811,Russia,PC,organic,4.99,5.279999999999999
645681897253,Russia,Android,YRabbit,5.99,5.279999999999999
480560185060,Russia,Android,TipTop,4.99,6.24
724881085036,Russia,PC,RocketSuperAds,4.99,6.96
88533696308,Russia,Android,organic,4.99,5.52
304103731692,Russia,Mac,organic,4.99,5.279999999999999
550401780667,Russia,iPhone,TipTop,4.99,6.48
282497328213,Russia,iPhone,organic,4.99,6.24
21864304848,Russia,iPhone,organic,4.99,7.439999999999999
639353625408,Russia,PC,TipTop,4.99,6.72
593558183722,Russia,Mac,FaceBoom,4.99,6.48
226504059659,Russia,iPhone,FaceBoom,4.99,6.0
36896880072,Russia,iPhone,TipTop,4.99,4.08
263748315237,Russia,Mac,FaceBoom,4.99,4.08
328377059361,Russia,Mac,RocketSuperAds,4.99,4.32
296302642742,Russia,iPhone,TipTop,5.99,3.6
342079667879,Russia,iPhone,organic,4.99,5.279999999999999
6637059910,Russia,iPhone,organic,4.99,4.8
867082222345,Russia,PC,organic,4.99,4.8
563117398023,Russia,Android,organic,4.99,1.92
763233345611,Russia,Android,FaceBoom,4.99,6.0
529448786586,Russia,Android,organic,4.99,1.92
752733425690,Russia,iPhone,organic,4.99,4.32
923784264602,Russia,Android,organic,4.99,2.4
691059545972,Russia,iPhone,MediaTornado,4.99,2.88
591410541083,Russia,iPhone,organic,4.99,3.36
446943958673,Russia,Mac,FaceBoom,4.99,5.52
427717866507,Russia,PC,RocketSuperAds,4.99,3.12
500330812886,Russia,Mac,RocketSuperAds,4.99,3.84
237641018732,Russia,Mac,organic,4.99,2.88
998143981124,Russia,Mac,FaceBoom,4.99,4.08
563779032041,Russia,iPhone,organic,4.99,3.84
579576843349,Russia,PC,TipTop,4.99,3.12
833721227206,Russia,iPhone,FaceBoom,4.99,4.32
9212743938,Russia,Android,TipTop,4.99,6.24
648972875590,Russia,Mac,FaceBoom,4.99,3.84
174361394180,Russia,iPhone,RocketSuperAds,4.99,4.56
701672377659,Russia,Mac,organic,4.99,6.0
889080147332,Russia,iPhone,RocketSuperAds,4.99,2.64
267662454111,Russia,Android,YRabbit,4.99,4.8
499674771741,Russia,Mac,organic,4.99,6.96
104520297213,Russia,Mac,TipTop,4.99,4.8
678430784025,Russia,Mac,organic,4.99,4.08
222125642245,Russia,PC,FaceBoom,4.99,3.6
535534516579,Russia,Android,FaceBoom,5.99,3.6
172991619815,Russia,Android,organic,4.99,5.279999999999999
426699187791,Russia,PC,organic,4.99,3.84
928482821528,Russia,Mac,TipTop,4.99,3.84
707990438602,Russia,Android,organic,4.99,6.0
720111225156,Russia,iPhone,organic,4.99,5.52
7041371989,Russia,iPhone,FaceBoom,4.99,5.52
253428566255,Russia,Android,organic,4.99,4.8
590648903855,Russia,iPhone,organic,4.99,4.08
855379781425,Russia,iPhone,MediaTornado,4.99,8.16
760705549556,Russia,iPhone,organic,4.99,6.72
779773817948,Russia,iPhone,MediaTornado,4.99,5.52
897474157583,Russia,Mac,organic,4.99,4.32
822775213010,Russia,iPhone,organic,4.99,5.279999999999999
379285585609,Russia,iPhone,RocketSuperAds,4.99,3.6
875804931961,Russia,iPhone,FaceBoom,4.99,5.279999999999999
829235466281,Russia,Mac,YRabbit,4.99,5.52
586499238627,Russia,Android,organic,4.99,5.76
529610067795,Russia,Mac,FaceBoom,4.99,4.8
652359044218,Russia,Mac,organic,4.99,5.279999999999999
34189933503,Russia,iPhone,organic,4.99,7.199999999999999
652305234247,Russia,Mac,organic,4.99,4.8
350235853322,Russia,PC,TipTop,5.99,3.36
388127576567,Russia,Mac,organic,4.99,3.6
301452416860,Russia,iPhone,FaceBoom,4.99,4.8
134473754632,Russia,Mac,organic,4.99,5.04
312249310635,Russia,Mac,FaceBoom,4.99,2.88
226868412926,Russia,Mac,YRabbit,4.99,3.36
602733336431,Russia,iPhone,TipTop,4.99,4.32
346019138858,Russia,iPhone,organic,4.99,5.52
719154454815,Russia,iPhone,organic,4.99,5.04
319939546352,Russia,Android,FaceBoom,4.99,4.08
366000285810,Russia,iPhone,FaceBoom,4.99,2.88
8356573095,Russia,iPhone,organic,4.99,3.36
614500259368,Russia,iPhone,organic,4.99,2.16
542201616700,Russia,Mac,organic,4.99,1.92
898370108164,Russia,Android,organic,5.99,4.8
950345794378,Russia,iPhone,TipTop,4.99,5.76
593213691105,Russia,Android,organic,4.99,5.04
129100331057,Russia,iPhone,TipTop,4.99,2.16
666126162157,Russia,iPhone,organic,4.99,3.6
444773224507,Russia,Mac,organic,4.99,3.84
993950151533,Russia,Mac,organic,4.99,3.6
765238003221,Russia,iPhone,TipTop,4.99,6.24
186113586976,Russia,iPhone,MediaTornado,4.99,6.48
862262209878,Russia,iPhone,FaceBoom,4.99,4.32
490075705982,Russia,Android,FaceBoom,4.99,4.8
857356470921,Russia,Mac,organic,4.99,6.72
341232428147,Russia,iPhone,RocketSuperAds,4.99,6.72
785256088997,Russia,Android,organic,4.99,5.04
668161818208,Russia,iPhone,TipTop,4.99,6.48
626807144131,Russia,iPhone,organic,4.99,8.64
690796884942,Russia,Android,organic,4.99,9.84
160941187397,Russia,Android,organic,4.99,5.279999999999999
251466277788,Russia,Mac,organic,4.99,6.0
396403498890,Russia,iPhone,RocketSuperAds,4.99,6.72
751165176839,Russia,iPhone,TipTop,4.99,7.68
951926617352,Russia,Android,RocketSuperAds,4.99,6.96
970225426962,Russia,iPhone,organic,4.99,5.52
762967736114,Russia,Mac,RocketSuperAds,4.99,3.84
801953773856,Russia,PC,organic,4.99,4.56
433559415234,Russia,iPhone,organic,4.99,3.6
749289365020,Russia,iPhone,organic,4.99,5.52
935133189111,Russia,Android,TipTop,4.99,5.76
382310304597,Russia,Mac,YRabbit,4.99,5.52
780107523082,Russia,iPhone,TipTop,4.99,7.199999999999999
950155944709,Russia,PC,organic,4.99,4.8
992236261045,Russia,iPhone,organic,4.99,5.76
601292388085,Russia,PC,organic,4.99,3.36
414095973733,Russia,PC,organic,9.99,4.56
914062168985,Russia,iPhone,organic,4.99,3.36
888974742187,Russia,PC,organic,4.99,4.32
48681240131,Russia,Mac,organic,4.99,3.36
213778870965,Russia,PC,organic,4.99,4.32
738227732207,Russia,Mac,organic,4.99,6.24
265181148831,Russia,iPhone,MediaTornado,4.99,3.36
67486407139,Russia,Android,organic,4.99,5.279999999999999
963073723447,Russia,Mac,organic,4.99,5.04
230426630090,Russia,iPhone,organic,4.99,6.24
275686335511,Russia,Android,TipTop,4.99,6.72
498607736711,Russia,PC,FaceBoom,4.99,4.56
769669137453,Russia,iPhone,RocketSuperAds,4.99,21.06
778027854258,Russia,iPhone,TipTop,4.99,16.965000000000003
630970140707,Russia,Android,TipTop,4.99,16.380000000000003
179084656995,Russia,Mac,organic,4.99,17.55
209521475364,Russia,Mac,TipTop,4.99,27.495000000000005
532980536518,Russia,iPhone,FaceBoom,4.99,21.645000000000003
266796485208,Russia,iPhone,organic,4.99,18.72
569999841108,Russia,Android,organic,4.99,18.135
781680936651,Russia,Mac,organic,4.99,18.72
845827615645,Russia,iPhone,FaceBoom,4.99,22.230000000000004
193700432376,Russia,Android,organic,4.99,18.72
18854267236,Russia,iPhone,organic,4.99,21.06
71021174060,Russia,Android,organic,4.99,17.55
5400720363,Russia,iPhone,organic,4.99,18.135
187105720098,Russia,iPhone,TipTop,4.99,15.210000000000004
127355982024,Russia,Mac,organic,4.99,19.890000000000004
134726461643,Russia,Android,RocketSuperAds,4.99,19.890000000000004
780416972417,Russia,Android,FaceBoom,4.99,22.815
184810238480,Russia,Mac,RocketSuperAds,4.99,24.570000000000004
398456731916,Russia,iPhone,FaceBoom,4.99,16.965000000000003
327927279217,Russia,Mac,organic,4.99,17.55
908247485112,Russia,iPhone,organic,4.99,20.475
103491908070,Russia,Mac,organic,4.99,16.965000000000003
654098049631,Russia,Mac,FaceBoom,4.99,16.965000000000003
10404332026,Russia,Mac,organic,4.99,23.4
423782380150,Russia,PC,organic,4.99,18.72
751283623222,Russia,Android,RocketSuperAds,4.99,18.135
222737942966,Russia,PC,organic,5.99,16.380000000000003
736133168801,Russia,Mac,organic,4.99,12.285000000000002
518171493136,Russia,iPhone,organic,4.99,11.7
182240325348,Russia,Android,organic,4.99,11.7
434198630691,Russia,iPhone,organic,4.99,14.625000000000002
42863467142,Russia,Android,RocketSuperAds,4.99,12.87
638584367534,Russia,iPhone,TipTop,4.99,9.945000000000002
487311796183,Russia,iPhone,TipTop,4.99,6.4350000000000005
819045144139,Russia,iPhone,organic,4.99,11.115000000000002
186030781350,Russia,Android,FaceBoom,4.99,8.775
897340954083,Russia,iPhone,organic,4.99,12.87
231860733762,Russia,iPhone,TipTop,4.99,10.53
68001516295,Russia,Mac,organic,4.99,16.380000000000003
934346426729,Russia,iPhone,YRabbit,4.99,12.285000000000002
747288086521,Russia,Android,organic,4.99,5.8500000000000005
381232762069,Russia,PC,organic,4.99,7.020000000000001
64868737546,Russia,iPhone,FaceBoom,4.99,6.4350000000000005
507976396711,Russia,iPhone,RocketSuperAds,4.99,8.190000000000001
465195473417,Russia,Mac,organic,4.99,9.945000000000002
50527299863,Russia,iPhone,YRabbit,4.99,13.455000000000002
227135660441,Russia,Mac,organic,4.99,8.190000000000001
478571391815,Russia,iPhone,organic,4.99,10.53
219567329114,Russia,Mac,organic,4.99,7.605000000000001
7018967756,Russia,Android,organic,4.99,9.36
599422537839,Russia,iPhone,organic,4.99,10.53
46064941012,Russia,iPhone,organic,4.99,18.72
919048214567,Russia,iPhone,organic,4.99,15.795000000000002
321036182822,Russia,Android,organic,4.99,12.285000000000002
980995413963,Russia,iPhone,organic,4.99,9.555
380565507824,Russia,PC,organic,4.99,12.739999999999998
272077639622,Russia,Mac,organic,4.99,12.284999999999998
924026632464,Russia,Android,RocketSuperAds,4.99,10.465
45542906349,Russia,Android,FaceBoom,4.99,6.824999999999999
173040395850,Russia,iPhone,organic,9.99,14.105
968223987665,Russia,iPhone,organic,4.99,9.1
617662056007,Russia,PC,RocketSuperAds,4.99,13.195
206499654109,Russia,Mac,YRabbit,4.99,10.919999999999998
665508659707,Russia,Android,organic,4.99,8.645
692710478834,Russia,Android,organic,9.99,15.47
997723904855,Russia,iPhone,organic,4.99,9.1
239371579771,Russia,iPhone,organic,4.99,8.645
769054031523,Russia,Android,organic,4.99,7.279999999999999
762955091588,Russia,Android,FaceBoom,4.99,7.734999999999999
478420005909,Russia,Mac,organic,4.99,10.465
344854525786,Russia,PC,organic,4.99,8.19
213379210527,Russia,PC,organic,4.99,6.369999999999999
468826602854,Russia,PC,organic,5.99,7.279999999999999
779599518467,Russia,iPhone,MediaTornado,4.99,8.645
382063864734,Russia,iPhone,TipTop,4.99,4.095
451515365818,Russia,PC,organic,4.99,5.459999999999999
560540298561,Russia,Mac,organic,4.99,5.914999999999999
114265844720,Russia,PC,organic,4.99,2.7299999999999995
846285993293,Russia,PC,FaceBoom,4.99,8.19
611752998439,Russia,iPhone,TipTop,4.99,10.01
209848494597,Russia,iPhone,FaceBoom,4.99,5.459999999999999
20113809617,Russia,iPhone,MediaTornado,4.99,9.1
238255443220,Russia,Mac,organic,4.99,7.734999999999999
64474110919,Russia,iPhone,organic,4.99,7.279999999999999
617323524756,Russia,iPhone,FaceBoom,4.99,4.55
68752468250,Russia,iPhone,FaceBoom,4.99,7.279999999999999
927823413821,Russia,Mac,FaceBoom,4.99,9.555
540188159481,Russia,iPhone,organic,4.99,9.1
446313863738,Russia,PC,FaceBoom,4.99,10.01
615206550301,Russia,Mac,organic,4.99,7.279999999999999
276895975067,Russia,Mac,YRabbit,4.99,7.279999999999999
30904692333,Russia,Android,organic,4.99,6.369999999999999
217122892307,Russia,Android,FaceBoom,4.99,7.279999999999999
587083256965,Russia,iPhone,organic,4.99,13.195
174581195170,Russia,PC,organic,4.99,10.465
460757834330,Russia,iPhone,organic,4.99,14.56
805879728542,Russia,Mac,TipTop,4.99,10.919999999999998
431648587600,Russia,iPhone,TipTop,4.99,7.279999999999999
230020740838,Russia,iPhone,organic,4.99,5.914999999999999
624062538715,Russia,iPhone,organic,4.99,11.374999999999998
334225002076,Russia,Android,organic,4.99,12.284999999999998
885166962934,Russia,iPhone,organic,4.99,7.279999999999999
570567644194,Russia,Mac,organic,4.99,5.914999999999999
684325308270,Russia,iPhone,FaceBoom,4.99,8.645
700534996463,Russia,PC,organic,4.99,8.19
324636423117,Russia,Android,MediaTornado,4.99,11.374999999999998
477753985226,Russia,Mac,organic,4.99,10.01
600650801505,Russia,Mac,organic,4.99,6.824999999999999
224182758260,Russia,Mac,MediaTornado,4.99,11.05
873417229362,Russia,iPhone,FaceBoom,4.99,6.5
841448444550,Russia,iPhone,FaceBoom,4.99,6.175
606547156670,Russia,iPhone,MediaTornado,4.99,3.575
150118026206,Russia,Mac,FaceBoom,4.99,7.475
984009345980,Russia,PC,organic,4.99,3.9
868259735977,Russia,iPhone,TipTop,4.99,6.825
56341587682,Russia,iPhone,organic,4.99,5.8500000000000005
119151377495,Russia,Mac,organic,4.99,8.775
500111330219,Russia,Mac,organic,4.99,8.125
210615724904,Russia,Android,FaceBoom,4.99,7.475
73293616521,Russia,iPhone,TipTop,4.99,5.8500000000000005
946239768828,Russia,iPhone,FaceBoom,4.99,5.8500000000000005
691914675625,Russia,Android,TipTop,4.99,7.800000000000001
427066824271,Russia,Mac,FaceBoom,4.99,7.475
831718362733,Russia,iPhone,TipTop,4.99,6.175
101445798255,Russia,iPhone,organic,4.99,5.525
205007127000,Russia,Android,organic,4.99,5.525
165524575255,Russia,Android,organic,4.99,5.525
273492669498,Russia,iPhone,organic,4.99,4.55
427628674666,Russia,PC,organic,4.99,6.175
353725123625,Russia,Android,TipTop,4.99,7.15
557554672821,Russia,iPhone,FaceBoom,4.99,4.2250000000000005
244714600577,Russia,iPhone,organic,4.99,6.175
117255506011,Russia,iPhone,organic,4.99,4.2250000000000005
872148430066,Russia,Android,MediaTornado,4.99,4.2250000000000005
612228953502,Russia,iPhone,TipTop,4.99,6.175
378259772247,Russia,Mac,TipTop,4.99,8.450000000000001
507386848514,Russia,Mac,organic,4.99,7.475
931935743840,Russia,Mac,organic,4.99,6.175
861181038122,Russia,Mac,organic,4.99,7.475
521456322915,Russia,iPhone,TipTop,4.99,8.775
25732375218,Russia,Mac,FaceBoom,4.99,8.450000000000001
591098203702,Russia,iPhone,organic,4.99,8.125
160247288296,Russia,Android,YRabbit,4.99,7.800000000000001
346488890043,Russia,iPhone,organic,4.99,9.425
756242022563,Russia,Mac,FaceBoom,4.99,10.4
951898498798,Russia,Android,MediaTornado,4.99,9.75
621553635173,Russia,iPhone,organic,4.99,7.800000000000001
216707928845,Russia,iPhone,FaceBoom,4.99,7.475
410844525997,Russia,Android,TipTop,4.99,6.5
297179963287,Russia,iPhone,TipTop,4.99,11.375
74576824520,Russia,iPhone,RocketSuperAds,4.99,10.4
229766500352,Russia,Mac,FaceBoom,4.99,9.425
929408648749,Russia,PC,organic,4.99,10.075
142201989728,Russia,iPhone,organic,4.99,7.800000000000001
249777752666,Russia,iPhone,organic,4.99,7.475
785831685491,Russia,Android,TipTop,4.99,10.4
278358060940,Russia,iPhone,organic,4.99,11.7
110865119989,Russia,Mac,organic,4.99,9.425
673345112617,Russia,iPhone,TipTop,4.99,8.450000000000001
89765595481,Russia,Mac,organic,4.99,7.475
229427452419,Russia,Android,organic,4.99,7.800000000000001
507854873477,Russia,Mac,organic,4.99,8.450000000000001
636100655792,Russia,Mac,organic,4.99,7.475
79845359872,Russia,Android,organic,4.99,6.5
426072091220,Russia,iPhone,FaceBoom,4.99,5.525
808504763381,Russia,Mac,FaceBoom,4.99,6.5
659089181917,Russia,iPhone,organic,4.99,5.525
686572780536,Russia,Android,TipTop,4.99,2.9250000000000003
175474303813,Russia,Mac,organic,4.99,8.450000000000001
39870632479,Russia,iPhone,organic,4.99,7.15
186640005583,Russia,iPhone,YRabbit,4.99,8.125
2396619302,Russia,Android,TipTop,4.99,7.800000000000001
612902101251,Russia,Android,RocketSuperAds,4.99,11.05
317750896293,Russia,Mac,MediaTornado,4.99,6.5
555066228147,Russia,iPhone,TipTop,4.99,5.525
998513020664,Russia,iPhone,TipTop,4.99,5.8500000000000005
123913251438,Russia,PC,RocketSuperAds,4.99,7.15
432369715220,Russia,Mac,FaceBoom,4.99,4.55
668304380546,Russia,iPhone,organic,4.99,10.075
771715952607,Russia,Android,TipTop,4.99,55.0
335120150805,Russia,iPhone,organic,4.99,57.0
617896122172,Russia,iPhone,organic,4.99,46.0
357758934759,Russia,iPhone,organic,4.99,56.0
192788188996,Russia,iPhone,organic,4.99,60.0
418995554513,Russia,Android,MediaTornado,4.99,49.0
368787989405,Russia,iPhone,TipTop,4.99,59.0
143120632908,Russia,Mac,FaceBoom,4.99,58.0
74962485576,Russia,Android,YRabbit,4.99,8.1
931816152398,Russia,iPhone,organic,4.99,9.9
899651216018,Russia,Mac,organic,4.99,9.0
841345352947,Russia,Mac,FaceBoom,4.99,15.6
74352279110,Russia,iPhone,TipTop,4.99,9.6
985668657784,Russia,Mac,organic,4.99,10.5
5015155420,Russia,iPhone,organic,4.99,9.3
646144943578,Russia,PC,TipTop,4.99,12.6
841689865249,Russia,PC,RocketSuperAds,4.99,11.1
23288059743,Russia,Mac,organic,4.99,10.5
339982906129,Russia,iPhone,FaceBoom,4.99,11.1
522568277495,Russia,Android,organic,4.99,10.8
149273509197,Russia,Mac,organic,4.99,14.7
583592836012,Russia,Android,organic,4.99,9.0
866354585644,Russia,iPhone,RocketSuperAds,4.99,6.9
881948329001,Russia,Android,MediaTornado,4.99,9.0
929032199665,Russia,Android,MediaTornado,4.99,6.3
870263245422,Russia,Mac,organic,4.99,11.1
829679777937,Russia,iPhone,organic,4.99,12.3
367940207823,Russia,iPhone,organic,4.99,9.6
830543407746,Russia,iPhone,organic,5.99,12.3
545382014441,Russia,iPhone,organic,4.99,6.0
907274252287,Russia,Android,FaceBoom,4.99,8.4
866698230166,Russia,Mac,organic,4.99,8.4
229993086655,Russia,Mac,organic,4.99,10.5
711033199052,Russia,Mac,organic,4.99,10.2
869845223867,Russia,iPhone,organic,4.99,10.2
844594142378,Russia,iPhone,RocketSuperAds,4.99,7.5
70966634103,Russia,iPhone,FaceBoom,4.99,4.8
878248716994,Russia,iPhone,organic,4.99,6.6
910963353776,Russia,Android,FaceBoom,4.99,7.8
749991444363,Russia,iPhone,organic,4.99,5.4
155076636505,Russia,PC,organic,4.99,7.5
52621452728,Russia,Android,organic,4.99,2.7
537526476613,Russia,Android,organic,4.99,3.9
686796578773,Russia,iPhone,organic,4.99,6.0
561613599172,Russia,iPhone,FaceBoom,4.99,4.2
852898876338,Russia,Mac,FaceBoom,4.99,2.52
663528813914,Russia,iPhone,FaceBoom,4.99,4.14
779023586684,Russia,Mac,FaceBoom,4.99,2.34
719012198415,Russia,PC,FaceBoom,4.99,2.34
206727396173,Russia,Mac,TipTop,4.99,1.7999999999999998
418482945108,Russia,iPhone,organic,4.99,1.26
794371247519,Russia,Mac,FaceBoom,4.99,1.44
212367762386,Russia,iPhone,organic,4.99,3.78
192978611060,Russia,Mac,RocketSuperAds,4.99,4.14
759455956757,Russia,iPhone,organic,4.99,2.7
511578691288,Russia,Mac,MediaTornado,4.99,2.88
521996218750,Russia,iPhone,organic,4.99,2.34
482867495306,Russia,iPhone,organic,4.99,2.52
896258560471,Russia,iPhone,FaceBoom,4.99,2.52
29144643737,Russia,PC,FaceBoom,4.99,3.6
34377840200,Russia,Android,FaceBoom,4.99,5.04
233128454643,Russia,Android,organic,4.99,3.24
781768951690,Russia,iPhone,organic,4.99,4.14
462972854783,Russia,Android,organic,4.99,3.78
608682706122,Russia,Android,FaceBoom,4.99,3.24
271331434289,Russia,iPhone,organic,4.99,3.42
451960316004,Russia,Mac,organic,4.99,4.14
650269084690,Russia,iPhone,YRabbit,4.99,4.5
847069064465,Russia,iPhone,YRabbit,4.99,4.68
682777048545,Russia,iPhone,organic,4.99,5.22
369133379089,Russia,iPhone,FaceBoom,4.99,5.58
954277860460,Russia,Mac,organic,4.99,2.52
697807288880,Russia,iPhone,FaceBoom,4.99,3.06
275506645003,Russia,iPhone,organic,4.99,4.32
960278728002,Russia,Android,organic,4.99,3.96
231249481635,Russia,Mac,organic,4.99,3.6
875325987702,Russia,Android,organic,4.99,3.06
849459340368,Russia,iPhone,FaceBoom,9.99,2.16
483481057271,Russia,iPhone,FaceBoom,4.99,2.52
621659314850,Russia,Android,FaceBoom,4.99,1.98
103677291144,Russia,Mac,organic,4.99,4.14
131619150410,Russia,Mac,organic,4.99,2.7
379907652723,Russia,iPhone,organic,4.99,2.88
208966545544,Russia,iPhone,organic,4.99,1.26
942237232209,Russia,Mac,organic,4.99,2.52
408668484523,Russia,Mac,YRabbit,4.99,1.7999999999999998
955458993897,Russia,iPhone,TipTop,4.99,1.98
515414286077,Russia,iPhone,organic,4.99,1.62
28798562666,Russia,PC,organic,4.99,3.78
81585546993,Russia,iPhone,FaceBoom,4.99,2.7
286551484333,Russia,iPhone,organic,4.99,4.32
484342911022,Russia,Mac,TipTop,4.99,2.52
324306427447,Russia,Mac,organic,4.99,2.16
703837928748,Russia,Mac,FaceBoom,4.99,1.62
931534477821,Russia,iPhone,organic,4.99,4.32
262620711897,Russia,iPhone,organic,4.99,3.6
237679252560,Russia,Mac,organic,4.99,4.32
260916524415,Russia,Mac,organic,4.99,3.42
518812325881,Russia,Android,FaceBoom,4.99,3.96
66448315388,Russia,Android,organic,4.99,3.78
748577009560,Russia,PC,TipTop,4.99,2.52
382394863972,Russia,Mac,MediaTornado,4.99,4.2
375268624962,Russia,iPhone,TipTop,4.99,4.83
428769597608,Russia,iPhone,organic,4.99,4.62
482924173981,Russia,iPhone,organic,4.99,4.83
965036180456,Russia,Android,organic,4.99,3.99
501990835449,Russia,PC,FaceBoom,4.99,3.36
827483099399,Russia,iPhone,organic,4.99,3.57
5854057089,Russia,iPhone,MediaTornado,4.99,4.62
784328289169,Russia,Android,organic,4.99,4.2
278453247122,Russia,iPhone,organic,4.99,3.99
850325381510,Russia,Android,organic,4.99,3.57
486667321487,Russia,Android,FaceBoom,4.99,2.73
613130841423,Russia,iPhone,organic,4.99,3.36
832006302323,Russia,iPhone,RocketSuperAds,4.99,3.36
514461104674,Russia,Mac,organic,4.99,5.25
734194923861,Russia,Mac,TipTop,4.99,5.04
954136696753,Russia,iPhone,organic,4.99,5.25
529697267522,Russia,iPhone,FaceBoom,4.99,4.2
833134538046,Russia,Android,organic,4.99,2.73
969367764818,Russia,Mac,RocketSuperAds,4.99,3.78
224707726156,Russia,iPhone,organic,4.99,4.2
688282120291,Russia,PC,MediaTornado,4.99,5.67
772567104356,Russia,iPhone,organic,4.99,4.41
682831730517,Russia,iPhone,organic,4.99,5.04
147277669713,Russia,Android,organic,4.99,3.78
87158333602,Russia,iPhone,organic,4.99,3.99
649481162824,Russia,iPhone,FaceBoom,4.99,3.57
618859414270,Russia,PC,organic,4.99,3.78
545857758580,Russia,Android,TipTop,4.99,2.73
672234064770,Russia,PC,organic,4.99,3.57
770275875154,Russia,Mac,YRabbit,4.99,2.94
382819469286,Russia,iPhone,organic,4.99,5.04
42151693080,Russia,Mac,organic,4.99,2.73
191304915702,Russia,Mac,FaceBoom,4.99,3.6
109843833662,Russia,Android,YRabbit,4.99,4.56
971277577703,Russia,PC,organic,9.99,4.56
81131715035,Russia,Android,organic,4.99,4.08
499159390639,Russia,iPhone,YRabbit,4.99,3.36
546589305982,Russia,Mac,TipTop,4.99,3.36
678936610986,Russia,PC,TipTop,4.99,3.12
628574586368,Russia,iPhone,organic,4.99,3.36
385089417030,Russia,iPhone,TipTop,4.99,4.32
427089510827,Russia,PC,TipTop,4.99,5.279999999999999
191794388596,Russia,Mac,RocketSuperAds,4.99,5.04
489789197000,Russia,iPhone,organic,4.99,5.279999999999999
352646617421,Russia,PC,organic,4.99,4.56
970636533965,Russia,iPhone,MediaTornado,4.99,3.84
550346814917,Russia,iPhone,YRabbit,4.99,5.76
827683555987,Russia,PC,organic,4.99,5.279999999999999
225882295024,Russia,Android,MediaTornado,5.99,6.48
631281582293,Russia,iPhone,organic,4.99,6.48
265696162863,Russia,iPhone,organic,4.99,7.199999999999999
137884931773,Russia,Android,organic,4.99,6.0
297087836166,Russia,iPhone,organic,4.99,7.92
798065683752,Russia,Mac,organic,4.99,4.8
163781283147,Russia,Mac,TipTop,4.99,6.0
680276258607,Russia,Mac,FaceBoom,4.99,5.52
946621374238,Russia,iPhone,FaceBoom,4.99,7.68
883214177630,Russia,iPhone,organic,4.99,9.6
646221767633,Russia,Android,FaceBoom,9.99,5.04
105692369349,Russia,Android,organic,4.99,6.24
616405068054,Russia,Android,YRabbit,4.99,6.0
763901358434,Russia,iPhone,MediaTornado,4.99,6.48
767376432915,Russia,iPhone,organic,4.99,6.96
715370223079,Russia,iPhone,organic,4.99,8.16
987236448851,Russia,Mac,TipTop,4.99,6.48
620325844642,Russia,Mac,organic,4.99,3.84
278926553340,Russia,iPhone,organic,4.99,4.56
751932449724,Russia,iPhone,organic,9.99,3.84
465808345084,Russia,PC,TipTop,4.99,5.279999999999999
858215590167,Russia,Android,organic,4.99,6.75
744624457965,Russia,iPhone,organic,4.99,8.370000000000001
543406601872,Russia,iPhone,organic,4.99,5.67
788456453608,Russia,Android,FaceBoom,4.99,5.130000000000001
670368590918,Russia,iPhone,YRabbit,4.99,3.78
176343555200,Russia,iPhone,YRabbit,4.99,4.86
921862398832,Russia,iPhone,organic,4.99,5.94
192411464595,Russia,Mac,organic,4.99,5.67
961081607337,Russia,Android,YRabbit,4.99,5.67
176959051255,Russia,iPhone,YRabbit,4.99,5.4
488255862804,Russia,Mac,organic,4.99,4.32
692718872746,Russia,Mac,organic,4.99,5.94
268756360170,Russia,Android,organic,4.99,6.48
173462921030,Russia,Mac,organic,4.99,7.290000000000001
471696964639,Russia,iPhone,organic,4.99,7.56
306063138067,Russia,iPhone,organic,4.99,5.67
582647608512,Russia,iPhone,organic,4.99,11.07
645547903112,Russia,iPhone,FaceBoom,4.99,40.95
867425351070,Russia,Android,organic,4.99,34.65
942331306058,Russia,iPhone,TipTop,4.99,47.25
847576534572,Russia,iPhone,RocketSuperAds,4.99,51.45
813505493428,Russia,iPhone,organic,4.99,36.75
419588268806,Russia,Android,organic,4.99,43.05
575507633672,Russia,Mac,organic,4.99,30.450000000000003
101146825640,Russia,Mac,FaceBoom,4.99,37.8
774753916215,Russia,Mac,organic,4.99,37.8
327680359058,Russia,iPhone,organic,4.99,46.2
227343722466,Russia,iPhone,TipTop,4.99,33.6
133093681678,Russia,Android,TipTop,4.99,44.1
763388948404,Russia,Android,TipTop,4.99,38.85
460012973454,Russia,iPhone,organic,4.99,35.7
803524390344,Russia,Mac,FaceBoom,4.99,23.1
939238426297,Russia,iPhone,FaceBoom,4.99,32.550000000000004
174454347279,Russia,iPhone,FaceBoom,4.99,35.7
433055995944,Russia,Android,organic,4.99,46.2
408121698518,Russia,Mac,FaceBoom,4.99,53.55
246275752026,Russia,iPhone,FaceBoom,4.99,36.75
614740168132,Russia,Android,organic,4.99,35.7
482267088412,Russia,iPhone,organic,4.99,34.65
448141836871,Russia,Mac,TipTop,4.99,38.85
606148170124,Russia,Mac,FaceBoom,4.99,37.8
202095269121,Russia,iPhone,YRabbit,4.99,43.05
627326523415,Russia,Android,organic,4.99,39.9
648200077236,Russia,iPhone,organic,5.99,56.7
88124402132,Russia,Android,RocketSuperAds,4.99,46.2
365686996329,Russia,iPhone,organic,4.99,14.7
155632650276,Russia,Android,organic,4.99,13.65
640406227215,Russia,Mac,FaceBoom,5.99,22.05
289984769778,Russia,iPhone,organic,4.99,18.9
656342129743,Russia,iPhone,RocketSuperAds,4.99,30.450000000000003
207946816411,Russia,iPhone,FaceBoom,4.99,15.75
205180906195,Russia,iPhone,RocketSuperAds,4.99,16.8
806956823514,Russia,PC,organic,4.99,18.9
362993941442,Russia,Android,FaceBoom,4.99,11.55
464742069162,Russia,iPhone,FaceBoom,4.99,11.55
377703720253,Russia,Mac,organic,4.99,15.75
556697298832,Russia,Android,TipTop,4.99,12.6
221842961701,Russia,iPhone,FaceBoom,4.99,17.85
53439561970,Russia,iPhone,FaceBoom,4.99,14.7
498245575443,Russia,iPhone,FaceBoom,4.99,9.45
783308152580,Russia,PC,organic,5.99,9.45
813819644146,Russia,Mac,organic,4.99,9.45
608835213891,Russia,iPhone,organic,4.99,12.6
947466024774,Russia,Android,organic,4.99,23.1
326874986903,Russia,PC,TipTop,4.99,17.85
271551316636,Russia,iPhone,RocketSuperAds,4.99,9.45
216926444139,Russia,Mac,organic,4.99,14.7
278539725685,Russia,iPhone,organic,4.99,25.200000000000003
232645811069,Russia,iPhone,organic,4.99,19.95
937861123688,Russia,iPhone,TipTop,4.99,28.35
275371951655,Russia,Mac,organic,4.99,26.25
59058997486,Russia,PC,TipTop,4.99,17.85
512250654369,Russia,Mac,organic,4.99,21.0
909283513307,Russia,PC,organic,4.99,16.8
329324266229,Russia,iPhone,FaceBoom,4.99,17.85
306581008273,Russia,Mac,organic,4.99,18.9
10887840082,Russia,Android,RocketSuperAds,4.99,30.450000000000003
882186090341,Russia,Mac,RocketSuperAds,4.99,25.200000000000003
816213653738,Russia,Mac,organic,4.99,14.7
36887497860,Russia,iPhone,organic,4.99,22.05
25586955627,Russia,Mac,organic,4.99,18.9
817725146225,Russia,iPhone,TipTop,4.99,11.55
812819568106,Russia,iPhone,organic,4.99,23.1
493234349366,Russia,Mac,organic,4.99,19.95
90242400005,Russia,iPhone,YRabbit,5.99,19.95
774938424092,Russia,iPhone,MediaTornado,4.99,24.15
244878945432,Russia,iPhone,MediaTornado,4.99,9.45
784885401335,Russia,iPhone,TipTop,4.99,7.35
253136183810,Russia,iPhone,organic,4.99,17.85
588499264097,Russia,Mac,organic,4.99,15.75
181066576860,Russia,Android,MediaTornado,4.99,17.85
172680080954,Russia,Android,TipTop,4.99,13.65
355761474010,Russia,Mac,TipTop,4.99,10.5
331972762210,Russia,iPhone,organic,4.99,10.5
293820189249,Russia,iPhone,TipTop,4.99,17.85
861641893424,Russia,iPhone,organic,4.99,19.95
645681897253,Russia,Android,YRabbit,4.99,16.8
480560185060,Russia,Android,TipTop,4.99,11.55
639353625408,Russia,PC,TipTop,4.99,10.5
593558183722,Russia,Mac,FaceBoom,4.99,28.35
6637059910,Russia,iPhone,organic,4.99,11.55
867082222345,Russia,iPhone,organic,4.99,11.55
174361394180,Russia,iPhone,RocketSuperAds,4.99,12.6
267662454111,Russia,Android,YRabbit,4.99,15.75
222125642245,Russia,PC,FaceBoom,4.99,13.65
172991619815,Russia,Android,organic,4.99,25.200000000000003
928482821528,Russia,Mac,TipTop,4.99,16.8
379285585609,Russia,iPhone,RocketSuperAds,4.99,18.9
529610067795,Russia,Mac,FaceBoom,4.99,15.75
350235853322,Russia,PC,TipTop,4.99,16.8
226868412926,Russia,Mac,YRabbit,4.99,26.25
542201616700,Russia,Mac,organic,4.99,26.25
898370108164,Russia,Android,organic,4.99,21.0
129100331057,Russia,iPhone,RocketSuperAds,4.99,14.7
666126162157,Russia,iPhone,organic,4.99,18.9
186113586976,Russia,iPhone,MediaTornado,4.99,17.85
396403498890,Russia,iPhone,RocketSuperAds,4.99,8.4
751165176839,Russia,iPhone,TipTop,4.99,19.95
801953773856,Russia,iPhone,organic,4.99,16.8
382310304597,Russia,Mac,MediaTornado,4.99,19.95
414095973733,Russia,PC,organic,4.99,21.0
738227732207,Russia,Mac,organic,4.99,18.9
265181148831,Russia,iPhone,MediaTornado,4.99,17.85
67486407139,Russia,Android,organic,4.99,16.8
275686335511,Russia,Android,TipTop,4.99,15.75
498607736711,Russia,PC,FaceBoom,4.99,14.7
778027854258,Russia,iPhone,TipTop,4.99,12.6
630970140707,Russia,Android,TipTop,4.99,21.0
179084656995,Russia,Mac,organic,4.99,25.200000000000003
266796485208,Russia,iPhone,organic,4.99,17.85
18854267236,Russia,iPhone,organic,4.99,16.8
71021174060,Russia,Android,organic,4.99,19.95
5400720363,Russia,iPhone,organic,4.99,23.1
134726461643,Russia,Android,RocketSuperAds,4.99,18.9
184810238480,Russia,Mac,RocketSuperAds,4.99,17.85
327927279217,Russia,Mac,organic,4.99,14.7
10404332026,Russia,Mac,organic,4.99,24.15
423782380150,Russia,PC,organic,4.99,13.65
222737942966,Russia,PC,YRabbit,4.99,22.05
434198630691,Russia,iPhone,organic,4.99,19.95
638584367534,Russia,iPhone,TipTop,4.99,21.0
819045144139,Russia,iPhone,organic,4.99,16.8
186030781350,Russia,Android,FaceBoom,4.99,7.35
897340954083,Russia,iPhone,organic,4.99,12.6
747288086521,Russia,Android,organic,4.99,13.65
381232762069,Russia,PC,organic,4.99,18.9
50527299863,Russia,iPhone,YRabbit,4.99,17.85
599422537839,Russia,iPhone,organic,4.99,13.65
46064941012,Russia,iPhone,organic,4.99,23.1
321036182822,Russia,Android,organic,4.99,9.45
272077639622,Russia,Mac,organic,4.99,9.45
968223987665,Russia,iPhone,organic,4.99,18.9
206499654109,Russia,Mac,YRabbit,4.99,14.7
997723904855,Russia,iPhone,TipTop,4.99,11.55
213379210527,Russia,PC,organic,4.99,13.65
468826602854,Russia,PC,organic,4.99,19.95
382063864734,Russia,iPhone,TipTop,4.99,11.55
611752998439,Russia,iPhone,TipTop,4.99,18.9
209848494597,Russia,iPhone,organic,4.99,14.7
238255443220,Russia,Mac,organic,4.99,18.9
927823413821,Russia,Mac,FaceBoom,4.99,27.3
540188159481,Russia,iPhone,organic,4.99,28.35
276895975067,Russia,Mac,YRabbit,4.99,19.95
174581195170,Russia,PC,organic,4.99,31.5
431648587600,Russia,iPhone,TipTop,4.99,22.05
334225002076,Russia,Android,organic,4.99,34.65
700534996463,Russia,PC,organic,4.99,25.200000000000003
224182758260,Russia,Mac,MediaTornado,4.99,23.1
150118026206,Russia,Mac,FaceBoom,4.99,35.7
831718362733,Russia,iPhone,TipTop,4.99,27.3
273492669498,Russia,iPhone,organic,4.99,16.8
353725123625,Russia,Android,TipTop,9.99,17.85
557554672821,Russia,iPhone,FaceBoom,4.99,29.4
872148430066,Russia,Android,MediaTornado,4.99,22.05
931935743840,Russia,Mac,organic,4.99,12.6
25732375218,Russia,Mac,FaceBoom,4.99,29.4
929408648749,Russia,PC,organic,4.99,17.85
110865119989,Russia,Mac,organic,4.99,21.0
229427452419,Russia,Android,organic,4.99,22.05
426072091220,Russia,iPhone,FaceBoom,4.99,17.85
808504763381,Russia,PC,FaceBoom,4.99,21.0
686572780536,Russia,Android,TipTop,4.99,21.0
186640005583,Russia,iPhone,YRabbit,4.99,15.75
612902101251,Russia,Android,RocketSuperAds,4.99,17.85
317750896293,Russia,Mac,MediaTornado,4.99,15.75
555066228147,Russia,PC,TipTop,4.99,12.6
998513020664,Russia,iPhone,organic,5.99,9.45
335120150805,Russia,iPhone,organic,4.99,22.05
192788188996,Russia,iPhone,organic,4.99,15.75
143120632908,Russia,Mac,FaceBoom,4.99,25.200000000000003
899651216018,Russia,Mac,organic,4.99,11.55
985668657784,Russia,Mac,organic,4.99,23.1
841689865249,Russia,PC,RocketSuperAds,4.99,15.75
23288059743,Russia,Mac,organic,4.99,21.0
583592836012,Russia,Android,organic,4.99,26.25
881948329001,Russia,Android,MediaTornado,4.99,21.0
907274252287,Russia,Android,FaceBoom,4.99,35.7
711033199052,Russia,Mac,organic,4.99,2.52
869845223867,Russia,iPhone,organic,4.99,2.94
910963353776,Russia,Android,FaceBoom,4.99,2.73
155076636505,Russia,PC,organic,4.99,3.99
852898876338,Russia,Mac,FaceBoom,4.99,4.62
206727396173,Russia,Mac,TipTop,4.99,4.62
759455956757,Russia,iPhone,organic,9.99,4.2
482867495306,Russia,iPhone,organic,4.99,3.99
462972854783,Russia,Android,organic,4.99,3.78
650269084690,Russia,iPhone,YRabbit,4.99,3.36
954277860460,Russia,Mac,organic,4.99,7.56
960278728002,Russia,Android,organic,4.99,4.2
103677291144,Russia,Mac,organic,4.99,2.94
942237232209,Russia,Mac,organic,4.99,4.2
515414286077,Russia,iPhone,organic,4.99,3.57
324306427447,Russia,Mac,organic,4.99,3.36
748577009560,Russia,iPhone,TipTop,4.99,4.41
428769597608,Russia,iPhone,organic,4.99,4.62
501990835449,Russia,PC,FaceBoom,4.99,3.57
784328289169,Russia,Android,organic,4.99,3.57
832006302323,Russia,iPhone,RocketSuperAds,4.99,5.67
224707726156,Russia,iPhone,organic,4.99,3.78
682831730517,Russia,iPhone,organic,4.99,3.36
618859414270,Russia,PC,organic,4.99,3.15
770275875154,Russia,Mac,organic,4.99,3.78
109843833662,Russia,Android,YRabbit,4.99,3.36
499159390639,Russia,iPhone,YRabbit,4.99,4.41
678936610986,Russia,PC,TipTop,4.99,3.36
385089417030,Russia,iPhone,TipTop,4.99,9.03
631281582293,Russia,iPhone,organic,4.99,9.87
137884931773,Russia,Android,organic,4.99,11.76
297087836166,Russia,iPhone,organic,4.99,13.44
163781283147,Russia,Mac,TipTop,4.99,13.65
763901358434,Russia,iPhone,MediaTornado,4.99,12.39
751932449724,Russia,iPhone,organic,4.99,8.4
858215590167,Russia,Android,organic,4.99,9.03
744624457965,Russia,iPhone,organic,4.99,10.29
543406601872,Russia,iPhone,organic,4.99,8.82
961081607337,Russia,Android,YRabbit,4.99,10.29
176959051255,Russia,iPhone,YRabbit,4.99,7.77
488255862804,Russia,Mac,organic,4.99,9.24
692718872746,Russia,Mac,organic,4.99,5.67
268756360170,Russia,Android,organic,4.99,5.88
582647608512,Russia,iPhone,organic,4.99,5.46
133093681678,Russia,Android,TipTop,4.99,7.14
614740168132,Russia,Android,organic,4.99,9.66
648200077236,Russia,iPhone,organic,4.99,9.24
88124402132,Russia,Android,RocketSuperAds,4.99,6.72
205180906195,Russia,iPhone,organic,4.99,6.51
221842961701,Russia,iPhone,FaceBoom,4.99,7.35
783308152580,Russia,PC,organic,4.99,11.76
608835213891,Russia,iPhone,YRabbit,4.99,13.23
271551316636,Russia,iPhone,RocketSuperAds,4.99,10.5
232645811069,Russia,iPhone,organic,4.99,12.39
59058997486,Russia,PC,TipTop,4.99,13.65
36887497860,Russia,iPhone,organic,4.99,14.91
25586955627,Russia,Mac,organic,4.99,10.29
653462760786,Russia,Mac,MediaTornado,4.99,13.65
567448391903,Russia,iPhone,FaceBoom,4.99,14.07
581295769943,Russia,Android,organic,4.99,16.38
36345234521,Russia,Mac,YRabbit,4.99,16.8
997065722971,Russia,Mac,YRabbit,4.99,14.28
32302092319,Russia,iPhone,TipTop,4.99,10.71
316336063919,Russia,PC,FaceBoom,4.99,10.29
905321997674,Russia,Mac,RocketSuperAds,4.99,13.86
683323932606,Russia,PC,organic,4.99,12.39
532485546836,Russia,Mac,organic,4.99,16.38
947128900376,Russia,iPhone,organic,4.99,9.45
933016769344,Russia,Mac,TipTop,4.99,11.13
84799650366,Russia,iPhone,TipTop,4.99,7.979999999999999
44402090548,Russia,iPhone,organic,4.99,7.77
325963051404,Russia,Mac,organic,4.99,8.61
533344821589,Russia,Android,organic,4.99,9.24
371925322116,Russia,Mac,organic,4.99,8.61
103841657709,Russia,Mac,MediaTornado,4.99,9.24
728713380120,Russia,iPhone,organic,4.99,9.03
474830527958,Russia,iPhone,organic,4.99,6.51
784450361673,Russia,PC,organic,4.99,10.08
792706540762,Russia,Android,organic,4.99,7.56
182632440867,Russia,iPhone,organic,4.99,8.82
864511840601,Russia,Android,YRabbit,4.99,6.72
321546106774,Russia,Mac,organic,4.99,12.39
652837831920,Russia,Android,TipTop,4.99,10.71
850425634884,Russia,Android,organic,4.99,6.51
115594123615,Russia,Android,RocketSuperAds,4.99,7.56
244664513427,Russia,Android,organic,4.99,5.88
214110726955,Russia,iPhone,FaceBoom,4.99,11.76
972285827853,Russia,iPhone,organic,4.99,11.76
689457580148,Russia,Mac,RocketSuperAds,4.99,13.02
808026173409,Russia,iPhone,organic,4.99,10.29
185942645210,Russia,Android,organic,9.99,13.86
425357155257,Russia,Android,FaceBoom,4.99,11.13
399839633563,Russia,PC,organic,4.99,12.39
320530002460,Russia,Mac,organic,4.99,12.6
102519763805,Russia,iPhone,organic,4.99,10.92
690714109227,Russia,iPhone,organic,4.99,12.39
926983059667,Russia,Android,organic,4.99,10.71
695194949425,Russia,Android,organic,4.99,15.33
233510035515,Russia,iPhone,organic,4.99,11.13
74933624867,Russia,Mac,organic,4.99,10.5
571391194394,Russia,Mac,FaceBoom,4.99,10.92
825019309980,Russia,iPhone,MediaTornado,4.99,12.18
308230767458,Russia,iPhone,RocketSuperAds,5.99,16.8
943329172271,Russia,iPhone,FaceBoom,4.99,13.02
240702200943,Russia,Mac,FaceBoom,4.99,9.24
165506868592,Russia,PC,organic,4.99,8.82
967708279629,Russia,Mac,organic,4.99,10.08
129463314840,Russia,PC,organic,4.99,12.6
946007369560,Russia,Mac,organic,4.99,11.97
560674181976,Russia,iPhone,YRabbit,4.99,11.76
489517491267,Russia,iPhone,FaceBoom,4.99,9.45
460978556137,Russia,iPhone,organic,4.99,12.6
154200549012,Russia,Android,FaceBoom,4.99,13.44
413984649219,Russia,iPhone,organic,4.99,12.81
747890662195,Russia,Mac,organic,4.99,11.34
458282149641,Russia,Mac,organic,4.99,14.7
906051170954,Russia,iPhone,TipTop,4.99,16.169999999999998
815797408685,Russia,Mac,TipTop,4.99,13.44
922134154116,Russia,Mac,organic,4.99,9.03
533113624129,Russia,iPhone,TipTop,4.99,9.87
371096652431,Russia,PC,MediaTornado,4.99,10.5
987123313250,Russia,Android,organic,4.99,10.92
684791403724,Russia,iPhone,organic,4.99,12.18
264651041337,Russia,iPhone,organic,4.99,11.97
429896003684,Russia,iPhone,organic,4.99,11.55
477608383424,Russia,iPhone,RocketSuperAds,4.99,8.4
530805337839,Russia,iPhone,FaceBoom,4.99,9.45
391268191626,Russia,PC,FaceBoom,4.99,7.77
696427790136,Russia,Mac,FaceBoom,4.99,10.71
800971568625,Russia,PC,RocketSuperAds,4.99,9.45
621759989666,Russia,Android,organic,4.99,9.66
798801097159,Russia,iPhone,organic,4.99,8.4
766030406634,Russia,iPhone,organic,4.99,9.66
71310958837,Russia,iPhone,FaceBoom,4.99,9.24
215931197243,Russia,iPhone,MediaTornado,4.99,8.19
917992220173,Russia,Android,organic,4.99,9.03
739141354592,Russia,Mac,YRabbit,4.99,11.13
924394269861,Russia,Mac,organic,4.99,8.19
635038012911,Russia,iPhone,organic,4.99,11.55
315145794343,Russia,PC,YRabbit,4.99,9.03
678252190658,Russia,Android,organic,4.99,7.56
197763072517,Russia,iPhone,organic,4.99,14.07
45476599272,Russia,iPhone,organic,4.99,11.55
901245502540,Russia,PC,FaceBoom,4.99,11.55
783756760096,Russia,Android,FaceBoom,4.99,15.96
663154397329,Russia,PC,organic,4.99,13.86
443806738018,Russia,iPhone,FaceBoom,4.99,13.44
977891886135,Russia,iPhone,organic,4.99,14.7
929744807312,Russia,PC,TipTop,4.99,12.81
567063005395,Russia,iPhone,organic,4.99,13.44
120525888195,Russia,Android,YRabbit,4.99,15.54
280533319629,Russia,Android,FaceBoom,4.99,17.43
959109335666,Russia,Android,TipTop,4.99,18.69
860709894866,Russia,iPhone,organic,4.99,12.81
91707550199,Russia,Mac,organic,4.99,11.55
216378607623,Russia,Mac,TipTop,4.99,14.07
219726565437,Russia,Android,organic,4.99,14.28
529887371748,Russia,Mac,organic,4.99,15.96
977124892485,Russia,iPhone,FaceBoom,4.99,13.65
931712704120,Russia,iPhone,organic,4.99,9.24
83512036139,Russia,iPhone,organic,9.99,13.65
726578281079,Russia,iPhone,RocketSuperAds,4.99,11.13
587832912542,Russia,Android,organic,4.99,8.61
671719983124,Russia,Android,TipTop,4.99,11.97
471280094470,Russia,Mac,organic,5.99,12.39
284337281070,Russia,iPhone,TipTop,4.99,11.97
243642178768,Russia,iPhone,FaceBoom,4.99,9.87
697652307672,Russia,iPhone,TipTop,4.99,7.14
360408707855,Russia,PC,YRabbit,4.99,7.77
825569880933,Russia,iPhone,organic,4.99,9.03
207095667335,Russia,iPhone,organic,4.99,12.81
596556743556,Russia,Mac,organic,4.99,11.55
324689022998,Russia,Mac,organic,4.99,11.55
685751390783,Russia,Mac,YRabbit,4.99,7.56
798247453644,Russia,iPhone,MediaTornado,4.99,11.55
861333983923,Russia,iPhone,organic,4.99,10.71
112115982923,Russia,iPhone,organic,4.99,12.81
860476078548,Russia,PC,organic,4.99,14.7
820380982279,Russia,Mac,YRabbit,4.99,14.28
48831405665,Russia,iPhone,organic,4.99,12.81
712299050358,Russia,Mac,organic,4.99,4.25
414844422494,Russia,Android,organic,4.99,4.25
688028688639,Russia,iPhone,MediaTornado,4.99,5.75
758457736569,Russia,Mac,YRabbit,4.99,4.25
857783507893,Russia,iPhone,organic,4.99,5.5
176773216714,Russia,iPhone,organic,4.99,5.0
454223140723,Russia,Android,organic,4.99,5.75
691373096764,Russia,Mac,TipTop,4.99,4.25
247711587674,Russia,iPhone,organic,4.99,4.25
405931746536,Russia,iPhone,FaceBoom,4.99,5.75
33606575057,Russia,Android,RocketSuperAds,4.99,6.0
211227653978,Russia,Mac,organic,4.99,3.5
731653885358,Russia,PC,TipTop,4.99,2.75
765170403257,Russia,Android,organic,4.99,4.25
445724754149,Russia,iPhone,TipTop,4.99,4.5
856975653366,Russia,iPhone,organic,4.99,3.0
873134266246,Russia,iPhone,FaceBoom,4.99,4.25
509503648515,Russia,Android,organic,4.99,5.25
576352706724,Russia,Mac,organic,4.99,3.5
510919926079,Russia,PC,organic,4.99,4.75
546810220683,Russia,Android,FaceBoom,4.99,4.0
766038695189,Russia,Android,FaceBoom,4.99,6.25
661889067101,Russia,iPhone,organic,4.99,5.0
692072441061,Russia,iPhone,TipTop,4.99,5.75
974456580990,Russia,iPhone,FaceBoom,4.99,3.75
6899132869,Russia,Android,YRabbit,4.99,4.75
874455679154,Russia,Mac,organic,4.99,5.0
744725408795,Russia,PC,FaceBoom,4.99,5.75
702823415116,Russia,Android,organic,4.99,14.0
996040323520,Russia,iPhone,YRabbit,4.99,11.5
548096593486,Russia,iPhone,FaceBoom,4.99,13.25
113111563180,Russia,PC,organic,4.99,15.75
163990482939,Russia,Mac,organic,4.99,16.5
531513927329,Russia,Android,YRabbit,4.99,13.25
717924290376,Russia,Android,organic,4.99,9.0
350664448354,Russia,iPhone,FaceBoom,4.99,13.25
159471803772,Russia,iPhone,organic,4.99,10.0
136097633625,Russia,Android,organic,4.99,11.25
815204019098,Russia,Mac,RocketSuperAds,4.99,11.5
302414975073,Russia,Mac,organic,5.99,11.25
579579190220,Russia,Android,YRabbit,4.99,8.5
783905923744,Russia,iPhone,TipTop,4.99,10.25
2346324608,Russia,Mac,organic,4.99,8.0
337182715839,Russia,Android,FaceBoom,4.99,9.75
491388450802,Russia,iPhone,YRabbit,4.99,9.0
384456339120,Russia,Mac,RocketSuperAds,4.99,14.0
343462105646,Russia,iPhone,MediaTornado,4.99,12.0
788867955639,Russia,iPhone,organic,4.99,9.75
376158779892,Russia,iPhone,YRabbit,4.99,11.5
775176592127,Russia,Mac,organic,4.99,8.5
676780191173,Russia,iPhone,organic,4.99,9.75
704597234116,Russia,Mac,RocketSuperAds,4.99,13.25
711169159882,Russia,iPhone,organic,4.99,14.5
100186374546,Russia,Android,organic,4.99,12.5
656777731809,Russia,Android,organic,4.99,15.75
392429805005,Russia,Mac,organic,4.99,12.25
518191871983,Russia,Android,organic,4.99,12.25
370555207694,Russia,Mac,organic,4.99,10.25
322099657870,Russia,iPhone,organic,9.99,18.5
652054442513,Russia,PC,RocketSuperAds,4.99,18.0
754877238869,Russia,iPhone,TipTop,4.99,20.0
2603833648,Russia,Mac,organic,4.99,16.0
490300705320,Russia,iPhone,YRabbit,4.99,14.75
665866646880,Russia,Mac,organic,4.99,12.5
348402648100,Russia,Mac,organic,4.99,11.5
25705002486,Russia,iPhone,TipTop,4.99,14.75
4805773801,Russia,Mac,organic,4.99,17.0
309087190959,Russia,PC,organic,4.99,16.0
432024103611,Russia,Android,organic,4.99,15.0
136079325417,Russia,iPhone,organic,4.99,10.5
845965718517,Russia,Mac,organic,4.99,9.0
831275045774,Russia,Mac,organic,4.99,9.0
544114532666,Russia,Android,organic,4.99,9.25
141554029756,Russia,Android,organic,4.99,14.25
173441070118,Russia,Mac,RocketSuperAds,4.99,14.0
857264774868,Russia,iPhone,MediaTornado,4.99,9.75
770647544269,Russia,Mac,organic,4.99,5.75
99637966637,Russia,iPhone,organic,4.99,9.5
271758921583,Russia,iPhone,YRabbit,4.99,11.0
641866607431,Russia,iPhone,organic,4.99,10.25
534574878455,Russia,Mac,organic,4.99,11.25
928846545824,Russia,PC,organic,4.99,10.5
784508478535,Russia,Mac,organic,4.99,8.25
582556672107,Russia,iPhone,organic,4.99,9.75
167360699355,Russia,PC,organic,4.99,11.75
55294023107,Russia,Android,YRabbit,4.99,10.0
755840663757,Russia,iPhone,organic,4.99,12.75
251663533368,Russia,PC,FaceBoom,4.99,12.75
29210193047,Russia,iPhone,organic,4.99,15.5
735968289275,Russia,Mac,FaceBoom,4.99,9.75
187169968664,Russia,Android,organic,4.99,10.75
40244695943,Russia,Android,organic,4.99,13.75
607850353009,Russia,Android,organic,4.99,12.25
546109379560,Russia,Mac,organic,4.99,12.25
964164053551,Russia,PC,organic,4.99,18.0
841208777989,Russia,Mac,FaceBoom,4.99,14.0
659205999736,Russia,Mac,organic,4.99,13.0
37931003126,Russia,PC,organic,4.99,13.5
43581722616,Russia,Android,RocketSuperAds,4.99,13.25
208675989765,Russia,Android,organic,4.99,16.5
965251608645,Russia,iPhone,organic,4.99,13.0
849228175979,Russia,Mac,organic,4.99,18.0
884997974729,Russia,iPhone,TipTop,4.99,16.75
179143033644,Russia,Mac,RocketSuperAds,4.99,15.5
745524632341,Russia,Mac,YRabbit,4.99,12.0
589374238949,Russia,Mac,organic,4.99,13.75
414688241966,Russia,Mac,TipTop,4.99,11.75
376594904588,Russia,Mac,FaceBoom,4.99,12.5
226851978406,Russia,Android,FaceBoom,4.99,17.75
667279568083,Russia,Mac,TipTop,4.99,15.25
196384998809,Russia,iPhone,organic,4.99,12.0
358775752891,Russia,Android,organic,4.99,13.75
598728783064,Russia,iPhone,organic,4.99,11.25
409810081052,Russia,Android,FaceBoom,4.99,15.5
219693611937,Russia,iPhone,organic,4.99,15.0
333133824251,Russia,Android,organic,4.99,17.75
80303151868,Russia,iPhone,YRabbit,4.99,18.5
521702621353,Russia,iPhone,TipTop,4.99,14.0
650781813632,Russia,iPhone,YRabbit,4.99,12.5
824192534986,Russia,iPhone,organic,4.99,12.75
330651682487,Russia,iPhone,RocketSuperAds,4.99,12.5
249388369287,Russia,Android,organic,4.99,11.25
530628651906,Russia,iPhone,TipTop,4.99,13.5
683210418593,Russia,Mac,TipTop,4.99,16.25
823200297038,Russia,iPhone,organic,4.99,12.0
446925266578,Russia,Mac,organic,4.99,8.0
535405370926,Russia,iPhone,TipTop,4.99,8.75
504638273710,Russia,Mac,YRabbit,4.99,8.75
656376122345,Russia,Mac,organic,4.99,10.5
649854552094,Russia,Mac,MediaTornado,9.99,14.5
354379478647,Russia,iPhone,RocketSuperAds,4.99,10.25
374385624492,Russia,Mac,organic,4.99,13.0
356039531144,Russia,Mac,RocketSuperAds,4.99,9.75
809612307946,Russia,Mac,organic,4.99,10.0
602190640080,Russia,PC,FaceBoom,4.99,10.5
617377955648,Russia,iPhone,organic,4.99,12.75
546729318902,Russia,Android,organic,4.99,11.75
974981700123,Russia,Mac,organic,4.99,10.25
318463326822,Russia,Android,organic,4.99,13.25
787803737116,Russia,Android,organic,4.99,11.0
8483889453,Russia,Android,FaceBoom,4.99,13.0
799020172201,Russia,iPhone,FaceBoom,4.99,17.5
125567746439,Russia,Android,organic,5.99,18.75
775879778971,Russia,iPhone,organic,4.99,14.25
442307326790,Russia,iPhone,organic,4.99,18.0
147547607843,Russia,Android,RocketSuperAds,4.99,18.5
475980286616,Russia,iPhone,organic,4.99,16.5
165929404432,Russia,iPhone,FaceBoom,4.99,16.5
80050232211,Russia,iPhone,organic,4.99,19.0
40519982381,Russia,Android,organic,4.99,19.0
68212023120,Russia,iPhone,TipTop,4.99,21.25
489184200489,Russia,Mac,TipTop,4.99,21.5
33328105987,Russia,Mac,organic,4.99,22.75
171478466235,Russia,iPhone,FaceBoom,4.99,16.75
909791452476,Russia,iPhone,organic,4.99,15.25
402334737659,Russia,iPhone,organic,4.99,16.75
469513648818,Russia,Mac,YRabbit,4.99,16.5
703240118533,Russia,iPhone,TipTop,4.99,15.75
361973984273,Russia,iPhone,organic,4.99,19.25
619673346573,Russia,Mac,organic,4.99,11.75
95693474686,Russia,Android,organic,4.99,13.75
550192243758,Russia,iPhone,MediaTornado,4.99,12.25
189596384590,Russia,iPhone,MediaTornado,4.99,10.25
641730849868,Russia,Android,YRabbit,4.99,13.5
639172414278,Russia,iPhone,FaceBoom,4.99,14.25
503393988235,Russia,Android,organic,4.99,12.5
178373035947,Russia,PC,organic,4.99,10.0
817971166548,Russia,Mac,organic,4.99,13.0
499123937497,Russia,iPhone,organic,4.99,10.25
690208499527,Russia,iPhone,TipTop,4.99,9.25
668437540452,Russia,Android,FaceBoom,4.99,14.0
723421290904,Russia,Android,RocketSuperAds,4.99,15.75
221092595305,Russia,iPhone,organic,4.99,15.75
979226047210,Russia,iPhone,organic,4.99,14.0
220449921856,Russia,PC,FaceBoom,4.99,13.25
626405484358,Russia,iPhone,FaceBoom,4.99,13.25
69209036971,Russia,PC,organic,4.99,12.5
812488058155,Russia,Mac,FaceBoom,4.99,16.5
731314041613,Russia,Mac,FaceBoom,4.99,14.25
633063935261,Russia,iPhone,TipTop,4.99,17.75
202660806692,Russia,PC,MediaTornado,4.99,10.8
769579873958,Russia,Mac,organic,4.99,7.199999999999999
952350156836,Russia,Mac,organic,4.99,8.4
430914099862,Russia,iPhone,organic,4.99,10.8
118588660644,Russia,iPhone,TipTop,4.99,12.0
981334505057,Russia,Mac,organic,4.99,19.2
954994141309,Russia,Mac,organic,4.99,8.4
586656060243,Russia,iPhone,organic,4.99,7.8
536887597029,Russia,iPhone,YRabbit,4.99,11.4
928164783380,Russia,Mac,TipTop,4.99,14.4
793022838344,Russia,Mac,organic,4.99,15.6
956274411281,Russia,iPhone,organic,4.99,15.6
113236407003,Russia,Mac,FaceBoom,4.99,12.6
288983818858,Russia,iPhone,RocketSuperAds,4.99,13.8
793240210971,Russia,Android,organic,4.99,9.6
782832180513,Russia,iPhone,RocketSuperAds,4.99,13.8
447688459927,Russia,Mac,organic,4.99,15.0
943582773341,Russia,Mac,organic,4.99,10.2
814660221960,Russia,Android,MediaTornado,4.99,15.0
276367620932,Russia,iPhone,TipTop,4.99,12.0
792340138825,Russia,Mac,organic,4.99,10.8
179437068890,Russia,Mac,organic,4.99,9.0
568055489642,Russia,iPhone,organic,4.99,7.199999999999999
85131804767,Russia,iPhone,organic,4.99,12.6
977468492388,Russia,Android,TipTop,4.99,15.0
869203913366,Russia,iPhone,TipTop,4.99,12.6
213026317363,Russia,iPhone,FaceBoom,4.99,9.0
99394501466,Russia,iPhone,organic,4.99,10.8
531058052050,Russia,Android,organic,4.99,28.2
704160894107,Russia,iPhone,RocketSuperAds,4.99,25.2
30151057966,Russia,Android,organic,4.99,34.8
896941673419,Russia,Android,organic,4.99,33.6
11684892439,Russia,PC,YRabbit,4.99,37.8
591056780954,Russia,Mac,FaceBoom,4.99,28.8
527343082127,Russia,Mac,YRabbit,4.99,22.2
412939929972,Russia,PC,organic,4.99,28.8
335432099269,Russia,iPhone,organic,4.99,29.4
846778197686,Russia,Mac,organic,4.99,26.4
232134953153,Russia,iPhone,organic,4.99,27.6
342268230054,Russia,iPhone,organic,4.99,33.6
495165143865,Russia,PC,TipTop,4.99,28.2
646568822303,Russia,PC,organic,4.99,24.6
878405311486,Russia,Mac,RocketSuperAds,4.99,12.0
839071727424,Russia,iPhone,organic,4.99,19.8
37986225341,Russia,PC,organic,4.99,22.2
711347599127,Russia,iPhone,organic,4.99,25.8
156540798590,Russia,iPhone,organic,4.99,33.6
39709318658,Russia,Mac,organic,4.99,23.4
678659014229,Russia,Android,organic,4.99,25.2
237650043376,Russia,PC,organic,4.99,19.8
426875421044,Russia,iPhone,organic,4.99,25.8
736932187845,Russia,Android,organic,4.99,31.2
465739986035,Russia,Mac,organic,4.99,41.4
543579002469,Russia,iPhone,TipTop,4.99,34.8
872111105307,Russia,iPhone,organic,4.99,37.8
50209858587,Russia,iPhone,organic,4.99,37.2
379015771580,Russia,Mac,FaceBoom,4.99,34.8
568555593566,Russia,iPhone,FaceBoom,4.99,38.4
696938416384,Russia,Mac,organic,4.99,39.0
657027841246,Russia,Android,organic,4.99,48.6
801741971809,Russia,iPhone,organic,4.99,49.2
184072098102,Russia,iPhone,organic,4.99,43.2
952095632887,Russia,Mac,organic,4.99,33.0
38904539184,Russia,iPhone,organic,4.99,37.8
499817055589,Russia,iPhone,TipTop,4.99,34.8
820294420664,Russia,Android,FaceBoom,4.99,34.8
151978687952,Russia,Mac,organic,4.99,33.0
951033839504,Russia,iPhone,organic,4.99,40.2
890008759408,Russia,Android,MediaTornado,4.99,28.2
149665149338,Russia,Mac,organic,4.99,27.6
357682905797,Russia,iPhone,organic,4.99,21.0
612121983061,Russia,iPhone,organic,4.99,26.4
958263037774,Russia,iPhone,FaceBoom,4.99,19.2
720307390634,Russia,iPhone,organic,4.99,31.2
306237561103,Russia,Mac,organic,4.99,20.4
584934611373,Russia,PC,TipTop,4.99,24.6
122486403337,Russia,iPhone,TipTop,4.99,23.4
905745530895,Russia,iPhone,organic,4.99,19.8
217068787451,Russia,Android,RocketSuperAds,4.99,21.0
397910406890,Russia,Mac,organic,4.99,22.8
774606652954,Russia,iPhone,FaceBoom,4.99,21.6
462687500190,Russia,iPhone,FaceBoom,4.99,26.4
59452272130,Russia,Android,organic,4.99,24.6
349073469850,Russia,iPhone,organic,4.99,20.4
479282726076,Russia,iPhone,organic,4.99,19.8
888234823771,Russia,Android,organic,4.99,25.8
502975209145,Russia,iPhone,TipTop,4.99,38.4
567350574295,Russia,iPhone,organic,4.99,24.0
368280415711,Russia,iPhone,FaceBoom,4.99,29.4
390598837946,Russia,Mac,organic,4.99,24.0
476502464711,Russia,iPhone,organic,4.99,31.2
983089916448,Russia,PC,organic,4.99,23.4
605920819236,Russia,iPhone,TipTop,4.99,25.8
31001027926,Russia,PC,organic,4.99,32.4
885489870977,Russia,iPhone,organic,5.99,33.0
910598702444,Russia,iPhone,YRabbit,4.99,34.8
332044305507,Russia,Android,TipTop,4.99,30.0
860253000034,Russia,iPhone,TipTop,4.99,35.4
666957475257,Russia,PC,organic,4.99,28.2
150076850551,Russia,iPhone,FaceBoom,4.99,29.4
857739646683,Russia,iPhone,organic,4.99,30.0
633713528045,Russia,Mac,TipTop,4.99,43.2
283486106421,Russia,iPhone,organic,4.99,35.4
128712362658,Russia,iPhone,organic,4.99,40.8
536096099056,Russia,PC,RocketSuperAds,4.99,34.8
970904496534,Russia,PC,organic,4.99,26.4
464782227065,Russia,iPhone,MediaTornado,4.99,25.8
681286093076,Russia,Android,RocketSuperAds,4.99,31.8
29207867692,Russia,Android,FaceBoom,4.99,35.4
670122654136,Russia,Mac,organic,4.99,43.2
476888623969,Russia,Mac,organic,4.99,38.4
874714913164,Russia,Android,MediaTornado,4.99,28.2
387873391817,Russia,iPhone,organic,4.99,27.6
145438465713,Russia,iPhone,TipTop,4.99,36.0
741810297042,Russia,Android,FaceBoom,4.99,34.8
819011837075,Russia,iPhone,organic,4.99,42.6
518673819928,Russia,Android,organic,4.99,37.2
718277576587,Russia,iPhone,FaceBoom,4.99,34.2
202762651282,Russia,iPhone,organic,5.99,29.4
816144860860,Russia,iPhone,organic,4.99,33.6
288191257597,Russia,iPhone,FaceBoom,4.99,35.4
588216347036,Russia,Android,organic,4.99,35.4
73681017263,Russia,iPhone,organic,5.99,31.8
137090236953,Russia,Android,YRabbit,4.99,36.0
800736480534,Russia,iPhone,FaceBoom,4.99,25.8
603193782695,Russia,iPhone,organic,4.99,21.6
110371675418,Russia,PC,organic,4.99,20.4
686834562183,Russia,iPhone,YRabbit,4.99,22.2
586435406988,Russia,iPhone,RocketSuperAds,4.99,30.6
639656595702,Russia,Android,MediaTornado,4.99,28.2
318334062669,Russia,Mac,RocketSuperAds,4.99,25.8
548557420696,Russia,iPhone,MediaTornado,4.99,22.8
839071718243,Russia,iPhone,organic,4.99,28.8
734663289932,Russia,iPhone,organic,4.99,26.4
402764700532,Russia,iPhone,organic,4.99,22.2
131663963860,Russia,iPhone,organic,4.99,26.4
682091680135,Russia,Android,YRabbit,4.99,27.6
878657165010,Russia,iPhone,TipTop,4.99,38.4
861532944574,Russia,Android,organic,4.99,34.2
753423503075,Russia,iPhone,organic,4.99,24.0
969548634964,Russia,Android,organic,4.99,19.2
72446082692,Russia,iPhone,TipTop,4.99,31.2
916866987317,Russia,iPhone,organic,4.99,40.2
957795645735,Russia,Mac,FaceBoom,4.99,40.8
733121032729,Russia,Mac,organic,4.99,36.6
693617187776,Russia,iPhone,FaceBoom,4.99,42.0
47032430799,Russia,iPhone,organic,4.99,34.2
818277086597,Russia,Mac,organic,4.99,38.4
887153414379,Russia,iPhone,organic,4.99,36.0
586359118318,Russia,iPhone,RocketSuperAds,4.99,46.8
477379004827,Russia,Mac,organic,4.99,52.2
135545762410,Russia,iPhone,TipTop,4.99,53.4
553959392099,Russia,Android,MediaTornado,4.99,45.0
568108379419,Russia,iPhone,YRabbit,4.99,45.6
157474136775,Russia,PC,organic,4.99,40.2
651837973740,Russia,Android,organic,4.99,43.8
82576784318,Russia,iPhone,YRabbit,4.99,41.4
19814672566,Russia,Android,FaceBoom,4.99,44.4
284890107646,Russia,iPhone,organic,4.99,48.6
388017475092,Russia,PC,organic,4.99,34.8
13902377582,Russia,PC,organic,4.99,31.8
509469157761,Russia,iPhone,TipTop,4.99,26.4
912196801055,Russia,Mac,organic,4.99,27.0
100728494027,Russia,iPhone,organic,4.99,30.0
36923437044,Russia,iPhone,organic,4.99,28.2
919129682839,Russia,iPhone,organic,4.99,30.6
277722209210,Russia,Mac,FaceBoom,4.99,30.6
605400289426,Russia,Mac,organic,4.99,24.0
818356773058,Russia,Android,organic,4.99,28.2
335106201578,Russia,iPhone,YRabbit,4.99,28.2
296847367869,Russia,Mac,organic,4.99,39.6
868251499652,Russia,iPhone,FaceBoom,4.99,31.8
14104306753,Russia,Android,organic,4.99,33.6
930207925484,Russia,iPhone,YRabbit,4.99,37.2
934349398824,Russia,iPhone,organic,4.99,22.2
140374814836,Russia,Android,organic,4.99,31.8
36584662832,Russia,iPhone,FaceBoom,4.99,42.0
268758065257,Russia,iPhone,YRabbit,4.99,37.2
771947852256,Russia,iPhone,TipTop,4.99,40.8
477610833960,Russia,iPhone,organic,4.99,42.0
329361355251,Russia,Mac,organic,4.99,17.6
219376792335,Russia,iPhone,organic,4.99,16.8
675179840977,Russia,iPhone,FaceBoom,4.99,16.8
951953653436,Russia,PC,organic,4.99,17.6
478929288531,Russia,iPhone,organic,4.99,12.8
283245482323,Russia,Mac,organic,4.99,14.4
829051635847,Russia,PC,organic,4.99,16.0
966802389521,Russia,iPhone,MediaTornado,4.99,11.2
256835633718,Russia,Mac,organic,4.99,10.4
420460884031,Russia,Mac,FaceBoom,4.99,20.0
718423254429,Russia,PC,organic,4.99,16.8
231287165052,Russia,Mac,organic,4.99,14.4
364427089599,Russia,iPhone,organic,4.99,10.4
764052198277,Russia,Mac,FaceBoom,4.99,15.2
193820412563,Russia,iPhone,TipTop,4.99,11.2
432501362215,Russia,Android,organic,4.99,9.6
524578797898,Russia,Mac,MediaTornado,4.99,11.2
829566797550,Russia,Mac,TipTop,4.99,16.0
531574817875,Russia,PC,organic,4.99,16.8
342238368576,Russia,Android,organic,4.99,14.4
520455510836,Russia,Android,organic,4.99,18.4
414606622274,Russia,iPhone,FaceBoom,4.99,15.2
876199922743,Russia,Mac,organic,4.99,16.8
762323404549,Russia,PC,YRabbit,4.99,16.0
474090854423,Russia,iPhone,FaceBoom,4.99,21.6
981449118918,Russia,iPhone,organic,4.99,16.8
171015605853,Russia,iPhone,organic,4.99,16.0
784885401335,Russia,iPhone,TipTop,4.99,19.200000000000003
165309433157,Russia,Mac,organic,4.99,9.6
762505039443,Russia,iPhone,TipTop,4.99,8.8
331972762210,Russia,iPhone,organic,9.99,10.4
480560185060,Russia,Android,TipTop,4.99,10.4
724881085036,Russia,PC,RocketSuperAds,4.99,8.8
593558183722,Russia,Mac,FaceBoom,4.99,7.2
226504059659,Russia,iPhone,FaceBoom,4.99,5.6000000000000005
6637059910,Russia,iPhone,organic,4.99,5.6000000000000005
591410541083,Russia,iPhone,organic,4.99,0.8
833721227206,Russia,iPhone,FaceBoom,4.99,4.800000000000001
648972875590,Russia,Mac,FaceBoom,4.99,4.800000000000001
174361394180,Russia,iPhone,RocketSuperAds,4.99,6.4
267662454111,Russia,Android,YRabbit,4.99,9.6
301452416860,Russia,iPhone,FaceBoom,4.99,4.800000000000001
542201616700,Russia,Mac,organic,4.99,5.6000000000000005
129100331057,Russia,iPhone,TipTop,4.99,4.0
765238003221,Russia,iPhone,TipTop,4.99,7.2
626807144131,Russia,iPhone,organic,4.99,6.4
751165176839,Russia,iPhone,TipTop,4.99,8.0
970225426962,Russia,iPhone,organic,4.99,4.0
433559415234,Russia,iPhone,organic,5.99,4.0
382310304597,Russia,Mac,YRabbit,4.99,3.2
950155944709,Russia,iPhone,organic,4.99,7.2
601292388085,Russia,PC,organic,4.99,4.800000000000001
914062168985,Russia,iPhone,organic,4.99,8.8
769669137453,Russia,iPhone,RocketSuperAds,4.99,8.0
778027854258,Russia,iPhone,TipTop,4.99,9.6
179084656995,Russia,Mac,organic,4.99,11.2
187105720098,Russia,iPhone,TipTop,4.99,4.800000000000001
134726461643,Russia,Android,RocketSuperAds,4.99,5.6000000000000005
103491908070,Russia,Mac,organic,4.99,8.8
487311796183,Russia,iPhone,TipTop,4.99,11.2
897340954083,Russia,iPhone,organic,4.99,8.0
380565507824,Russia,PC,organic,4.99,8.0
272077639622,Russia,Mac,organic,4.99,8.0
924026632464,Russia,Android,RocketSuperAds,4.99,7.2
968223987665,Russia,iPhone,organic,4.99,8.0
478420005909,Russia,Mac,organic,4.99,9.6
846285993293,Russia,PC,FaceBoom,4.99,12.0
611752998439,Russia,iPhone,TipTop,4.99,7.2
64474110919,Russia,iPhone,organic,4.99,4.800000000000001
624062538715,Russia,iPhone,organic,4.99,6.4
150118026206,Russia,Mac,FaceBoom,4.99,8.8
868259735977,Russia,iPhone,TipTop,4.99,4.800000000000001
427066824271,Russia,Mac,FaceBoom,4.99,4.0
101445798255,Russia,iPhone,organic,4.99,6.4
205007127000,Russia,Android,organic,4.99,9.6
165524575255,Russia,Android,organic,4.99,6.4
353725123625,Russia,Android,TipTop,9.99,3.2
557554672821,Russia,iPhone,FaceBoom,4.99,4.0
872148430066,Russia,Android,MediaTornado,4.99,5.6000000000000005
951898498798,Russia,Android,MediaTornado,4.99,7.2
278358060940,Russia,iPhone,organic,4.99,4.800000000000001
229427452419,Russia,Android,organic,4.99,10.4
612902101251,Russia,Android,RocketSuperAds,4.99,4.800000000000001
432369715220,Russia,Mac,FaceBoom,4.99,8.0
931816152398,Russia,iPhone,organic,4.99,6.4
830543407746,Russia,iPhone,organic,4.99,6.4
711033199052,Russia,Mac,organic,4.99,8.0
910963353776,Russia,Android,FaceBoom,4.99,6.4
206727396173,Russia,Mac,TipTop,4.99,9.6
271331434289,Russia,iPhone,organic,4.99,7.2
703837928748,Russia,Mac,FaceBoom,4.99,9.6
518812325881,Russia,Android,FaceBoom,4.99,6.4
613130841423,Russia,iPhone,organic,4.99,7.2
529697267522,Russia,iPhone,FaceBoom,4.99,6.4
770275875154,Russia,Mac,organic,4.99,8.0
42151693080,Russia,Mac,organic,4.99,7.2
81131715035,Russia,Android,organic,4.99,4.0
191794388596,Russia,Mac,RocketSuperAds,4.99,5.6000000000000005
352646617421,Russia,PC,organic,4.99,4.800000000000001
225882295024,Russia,iPhone,MediaTornado,4.99,4.0
631281582293,Russia,iPhone,organic,4.99,9.6
798065683752,Russia,Mac,organic,4.99,7.2
105692369349,Russia,Android,organic,4.99,6.4
763901358434,Russia,iPhone,MediaTornado,4.99,6.4
176343555200,Russia,iPhone,YRabbit,4.99,6.4
101146825640,Russia,Android,FaceBoom,4.99,1.6
774753916215,Russia,Mac,organic,4.99,7.2
327680359058,Russia,iPhone,organic,4.99,8.8
227343722466,Russia,iPhone,TipTop,4.99,7.2
939238426297,Russia,iPhone,FaceBoom,4.99,8.8
174454347279,Russia,iPhone,FaceBoom,4.99,6.4
155632650276,Russia,Android,organic,4.99,9.6
362993941442,Russia,Android,FaceBoom,4.99,17.6
947466024774,Russia,Android,organic,4.99,6.4
271551316636,Russia,iPhone,RocketSuperAds,4.99,4.800000000000001
882186090341,Russia,Mac,RocketSuperAds,4.99,3.2
812819568106,Russia,iPhone,organic,4.99,9.6
653462760786,Russia,Mac,MediaTornado,4.99,4.800000000000001
567448391903,Russia,iPhone,FaceBoom,4.99,10.4
683323932606,Russia,PC,organic,4.99,5.6000000000000005
933016769344,Russia,Mac,TipTop,4.99,5.6000000000000005
728713380120,Russia,iPhone,organic,4.99,9.6
792706540762,Russia,Android,organic,4.99,9.6
864511840601,Russia,Android,YRabbit,4.99,8.8
185942645210,Russia,Android,organic,4.99,10.4
399839633563,Russia,PC,organic,4.99,5.6000000000000005
102519763805,Russia,iPhone,organic,4.99,4.0
926983059667,Russia,Android,organic,4.99,5.6000000000000005
233510035515,Russia,iPhone,organic,4.99,6.4
74933624867,Russia,Mac,organic,4.99,8.8
308230767458,Russia,iPhone,RocketSuperAds,4.99,11.2
946007369560,Russia,Mac,organic,4.99,7.2
489517491267,Russia,iPhone,FaceBoom,4.99,4.0
460978556137,Russia,iPhone,organic,4.99,5.6000000000000005
815797408685,Russia,Mac,TipTop,4.99,4.800000000000001
533113624129,Russia,iPhone,TipTop,4.99,6.4
371096652431,Russia,PC,MediaTornado,4.99,6.4
391268191626,Russia,iPhone,FaceBoom,4.99,7.2
696427790136,Russia,Mac,FaceBoom,4.99,6.4
800971568625,Russia,PC,RocketSuperAds,4.99,5.6000000000000005
621759989666,Russia,Android,organic,5.99,5.6000000000000005
798801097159,Russia,iPhone,organic,4.99,6.4
924394269861,Russia,Mac,organic,4.99,9.6
315145794343,Russia,PC,YRabbit,4.99,17.6
678252190658,Russia,Android,organic,4.99,6.4
45476599272,Russia,iPhone,organic,4.99,12.8
783756760096,Russia,Android,FaceBoom,4.99,11.2
929744807312,Russia,Mac,TipTop,4.99,7.2
959109335666,Russia,Android,TipTop,4.99,6.4
529887371748,Russia,Mac,organic,4.99,14.4
726578281079,Russia,iPhone,RocketSuperAds,4.99,16.8
861333983923,Russia,iPhone,organic,4.99,11.2
820380982279,Russia,Mac,YRabbit,4.99,7.2
712299050358,Russia,Mac,organic,4.99,6.4
414844422494,Russia,Android,organic,4.99,5.6000000000000005
758457736569,Russia,Mac,YRabbit,4.99,6.4
176773216714,Russia,iPhone,organic,4.99,12.8
405931746536,Russia,iPhone,FaceBoom,4.99,12.0
211227653978,Russia,Mac,organic,4.99,8.8
445724754149,Russia,iPhone,TipTop,4.99,13.6
856975653366,Russia,iPhone,organic,4.99,11.2
766038695189,Russia,Android,FaceBoom,4.99,5.6000000000000005
661889067101,Russia,iPhone,organic,4.99,4.0
692072441061,Russia,iPhone,TipTop,5.99,4.0
974456580990,Russia,iPhone,organic,4.99,8.8
744725408795,Russia,PC,FaceBoom,4.99,13.6
531513927329,Russia,Android,YRabbit,4.99,5.6000000000000005
717924290376,Russia,Android,organic,4.99,8.8
136097633625,Russia,Android,organic,4.99,8.0
337182715839,Russia,Android,FaceBoom,4.99,2.4000000000000004
343462105646,Russia,iPhone,MediaTornado,4.99,8.0
704597234116,Russia,Mac,RocketSuperAds,4.99,5.6000000000000005
665866646880,Russia,Mac,organic,4.99,8.8
136079325417,Russia,iPhone,organic,4.99,7.2
770647544269,Russia,Mac,organic,4.99,6.4
755840663757,Russia,iPhone,organic,4.99,4.0
29210193047,Russia,iPhone,organic,4.99,6.4
735968289275,Russia,Mac,FaceBoom,4.99,8.8
40244695943,Russia,Android,organic,4.99,8.8
841208777989,Russia,Mac,FaceBoom,4.99,12.0
